{
    "src/addons/DumanXF/NewNotification/addon.json": "9dfc505a0e9ab47521c5ad2ad4b02366720cbe38668c5f67e030ed19e5d7faaa",
    "src/addons/DumanXF/NewNotification/Dumaninc.png": "e4106d136a4a3f33a5892e81014fdd3a8183a10c5c4cb655b464ef750ab61457"
    "src/addons/DumanXF/NewNotification/_data/admin_navigation.xml": "1257a488af84272f7234f0b274403161c530ca61e90e9b2e45d388e456b921e1",
    "src/addons/DumanXF/NewNotification/_data/admin_permission.xml": "c6ff7afe0f58d2f4dda825ba8c5e3d6e3251800b85f8b5c999d4ef31d0162877",
    "src/addons/DumanXF/NewNotification/_data/advertising_positions.xml": "c9b9d1159ca76865775c7a8fb1694116b3ed64f796b999b99ea49169d54a4816",
    "src/addons/DumanXF/NewNotification/_data/api_scopes.xml": "7656ff3104020bd65b58f63c139daaef9d80e7bf875abfa627e9da7c03259bce",
    "src/addons/DumanXF/NewNotification/_data/bb_codes.xml": "e559a972fec58b05acae6a47b9f12ec42a439f06a7ac7669b06b651db8f438cc",
    "src/addons/DumanXF/NewNotification/_data/bb_code_media_sites.xml": "b42e66ff19c650e66ff63ec21d192ba7f597414296f72e3143bb762b9c36d340",
    "src/addons/DumanXF/NewNotification/_data/class_extensions.xml": "28967962a9f71ed5e3d1676be4f28c8c537b7c16ea7678380addd62709493c07",
    "src/addons/DumanXF/NewNotification/_data/code_events.xml": "434f3b3bcb7ac2baebe51669d60d11c1f3d48ca3468870f695d1082f35330d56",
    "src/addons/DumanXF/NewNotification/_data/code_event_listeners.xml": "e8d3f5bfdd4b84d5a298bebcaaed46342e51c596d756e62677a5b954bb8845bf",
    "src/addons/DumanXF/NewNotification/_data/content_type_fields.xml": "3dd5643afce113f24f638b4aed797da1f0fe45e07a7bfc101d061db724a3d831",
    "src/addons/DumanXF/NewNotification/_data/cron.xml": "c7eef29cda6b9c00644777320685c4eaedb1b557a19a7cec48fe064240a4ace6",
    "src/addons/DumanXF/NewNotification/_data/help_pages.xml": "d955479408ed0af082a51fd305f2a481bf1f35033cc794e8bc0ba6b49269511c",
    "src/addons/DumanXF/NewNotification/_data/member_stats.xml": "d4f8dc2d81a0237dad813f348bea8af6689c3d7cadb49b15eef859be60825180",
    "src/addons/DumanXF/NewNotification/_data/navigation.xml": "34d94ecefaa3769f5ef54088feba94b60b4a43f8226db7863f69251b203131ce",
    "src/addons/DumanXF/NewNotification/_data/options.xml": "ba07997d13ee2625ffcfdb52e6166f50e2d7b0698582b08362d1fd3afe1f5a6f",
    "src/addons/DumanXF/NewNotification/_data/option_groups.xml": "f23f74be3180eef7eec20a5ccca016e039ae96b04253ff7a6824595cb3fb23c1",
    "src/addons/DumanXF/NewNotification/_data/permissions.xml": "55d5fcd994445a7ee23946ba774e26ace1d9fbc8d4e52cdda2236dbc604f1bf2",
    "src/addons/DumanXF/NewNotification/_data/permission_interface_groups.xml": "58047f451ed1d9e271b789b8cba021bee8bee9c08ab7800a2620d747aeeb7a1f",
    "src/addons/DumanXF/NewNotification/_data/phrases.xml": "e5409158fe6434ed771a9890822cd5993e636086464e2e1b4a1e3bcc50e4c111",
    "src/addons/DumanXF/NewNotification/_data/routes.xml": "355b9f95afb708a6cc0f428c735f4359d6e9be5ea7a5d8051631d034afa0bed0",
    "src/addons/DumanXF/NewNotification/_data/style_properties.xml": "759cd348210c3fb37aea91717044faa8cdc7712bd5f6304378ecf35d3de7813f",
    "src/addons/DumanXF/NewNotification/_data/style_property_groups.xml": "647ba87e6056a6097bcecb9e0d8304c4a3f856ab5801008e7f67502d5e667c47",
    "src/addons/DumanXF/NewNotification/_data/templates.xml": "adf2bd4729b2464d05662304403ffeb316ce40e6791666d57cca0983bcf1efaf",
    "src/addons/DumanXF/NewNotification/_data/template_modifications.xml": "79fdfbe561f69e2e1c8db270acb86238be8cf379433250d930b877077dfae046",
    "src/addons/DumanXF/NewNotification/_data/widget_definitions.xml": "140d0288d525ad5a9b4715a47cd2988aec16804779392589a20a3db0fbabce30",
    "src/addons/DumanXF/NewNotification/_data/widget_positions.xml": "e1e6fe10b8429cf9bcd242646e933016e80ea63bdd9a18c1ad10b60a694cda99"
}